;#Reference;#Tested;#Deletes;#Inserts;#Shifts;#Matched;IDR;MR;FAR;IDA;iACC0.00025
slt_arctic_a0001;404.0;407.0;9.0;4.0;1.0;400.0;0.9678217821782178;0.009900990099009901;0.022277227722772276;0.00012452445627804672;0.9975
slt_arctic_a0002;369.0;366.0;10.0;13.0;2.0;356.0;0.9376693766937669;0.03523035230352303;0.02710027100271003;0.00023974883888850559;0.9943820224719101
slt_arctic_a0003;395.0;403.0;8.0;0.0;0.0;395.0;0.979746835443038;0.0;0.020253164556962026;9.593802124573402e-06;1.0
TOTAL;1168.0;1176.0;27.0;17.0;3.0;1151.0;0.9623287671232876;0.014554794520547944;0.023116438356164382;0.00015105410483504645;0.9973935708079931

